Time,Amplitude
0.0,0.6896999106082926
0.001,-0.23903525010205895
0.002,0.5176218565462605
0.003,-0.8919466034201486
0.004,-0.744672474287936
0.005,0.27943436208090944
0.006,-0.9617269268117725
0.007,0.4369838975484197
0.008,0.14828295840309313
0.009000000000000001,0.661147443496535
0.01,-0.1041041416213857
0.011,0.3863862144842385
0.012,0.26590434490881587
0.013000000000000001,-0.3942786866829189
0.014,-0.5750485111464789
0.015,-0.3990651075884768
0.016,0.9672128518988672
0.017,-0.9871423851639516
0.018000000000000002,0.649767618725789
0.019,0.5912162389358688
0.02,0.4765473637707853
0.021,-0.63391006350925
0.022,-0.2779948168954878
0.023,0.4443402134442307
0.024,0.42261208402568506
0.025,-0.5435209758172266
0.026000000000000002,0.7072480715231062
0.027,0.5121187673214858
0.028,-0.9407430099069651
0.029,0.5307216281024083
0.03,-0.9659543205874419
0.031,0.28476456967130237
0.032,0.6133376620589881
0.033,0.18586830489843864
0.034,-0.960298395523552
0.035,0.8656155256616753
0.036000000000000004,-0.08084227612162365
0.037,-0.3967344620245863
0.038,0.565327252021703
0.039,-0.34249755557922734
0.04,0.7695498978741824
0.041,0.38158060247049863
0.042,-0.11610007020869895
0.043000000000000003,-0.5604755582315737
0.044,0.7070910751131827
0.045,-0.8142284714069474
0.046,0.2820780058638215
0.047,-0.6295079996291182
0.048,-0.1404678778666515
0.049,-0.967076998363309
0.05,-0.13391669232918524
0.051000000000000004,-0.9094120549786588
0.052000000000000005,0.2604451371342562
0.053,0.7983806979146815
0.054,0.4839271267302465
0.055,0.24936643400888459
0.056,0.93655951688282
0.057,-0.009939777040959719
0.058,0.5199617336175577
0.059000000000000004,-0.25690886338736574
0.06,-0.5638102890120968
0.061,0.511341054847751
0.062,-0.48132514395172077
0.063,0.18250079736211444
0.064,0.8382616099647162
0.065,-0.848271943454936
0.066,-0.07480117121141072
0.067,0.8736327798556276
0.068,-0.013341158282927257
0.069,-0.4236878822182797
0.07,-0.9199229111533946
0.07100000000000001,0.6195262176993317
0.07200000000000001,-0.5711998304621366
0.073,-0.3518166894953083
0.074,-0.5376152423861853
0.075,-0.25552584752850227
0.076,0.21026095630765917
0.077,-0.5006719682527945
0.078,-0.3515226100626896
0.079,-0.6396907121195547
0.08,-0.49633755605921204
0.081,0.6469284508184887
0.082,0.8850529754817511
0.083,0.06664201436428696
0.084,0.11764889756046526
0.085,0.6174631180810406
0.08600000000000001,-0.05102051126302576
0.08700000000000001,0.5264013094118578
0.088,0.9947602735575325
0.089,-0.8044120784282911
0.09,-0.15866874461177716
0.091,0.9287843242704712
0.092,-0.06934023214539553
0.093,0.5873221199407239
0.094,-0.9736274578891457
0.095,0.3648982192116099
0.096,-0.012380751223382447
0.097,-0.6355645434977837
0.098,-0.06773578414652515
0.099,-0.8672760769814976
0.1,-0.6603313882190283
0.101,0.8942909216169657
0.10200000000000001,0.5970827382595907
0.10300000000000001,0.12255102142170982
0.10400000000000001,-0.7346348611947
0.105,0.04633638730069478
0.106,0.3666182534901665
0.107,-0.3859618127533162
0.108,0.9375311908353223
0.109,0.9057806715127532
0.11,-0.10944519346902726
0.111,-0.44643154410139596
0.112,-0.30897204396064626
0.113,0.19183454753427642
0.114,0.30779268629996515
0.115,-0.43679654201083173
0.116,0.72154749680804
0.117,0.22067724221969853
0.11800000000000001,0.38364563224241
0.11900000000000001,0.380106863668364
0.12,-0.8854028787123087
0.121,0.5979403794588067
0.122,0.6822696478897767
0.123,-0.3989412814075137
0.124,0.47592634521789456
0.125,-0.35893940021988135
0.126,-0.7602786735390643
0.127,-0.4744446051188449
0.128,0.2379476487399581
0.129,-0.8672366334908619
0.13,-0.3632924691432844
0.131,-0.6965283754365816
0.132,-0.6261805953835025
0.133,-0.20990635639417876
0.134,0.04628742018997145
0.135,-0.6574443544264124
0.136,0.569972514111277
0.137,-0.7800744994719642
0.138,-0.8124551257456918
0.139,0.6906010578454955
0.14,0.8761582970194064
0.14100000000000001,0.6823188961908624
0.14200000000000002,0.9093625937596954
0.14300000000000002,-0.616513913587508
0.14400000000000002,0.8127111285259638
0.145,0.9532055312732026
0.146,0.775494783152419
0.147,-0.924641214617582
0.148,0.5698509102194367
0.149,0.6539571334534922
0.15,-0.5366541687957027
0.151,-0.23268447907940537
0.152,-0.892684800308466
0.153,0.4829782326532006
0.154,-0.012490218981582979
0.155,-0.13769689301702526
0.156,-0.6804422367972083
0.157,-0.8728895940543879
0.158,-0.23900958336653466
0.159,0.5736260611244457
0.16,-0.658240536998512
0.161,-0.5482739282149287
0.162,0.24276064910866113
0.163,0.05725927024869537
0.164,-0.5571165019949929
0.165,0.3491567157843436
0.166,0.1271945761532456
0.167,0.4126984933810811
0.168,0.4225887374452719
0.169,0.09234695632907108
0.17,0.64522013297593
0.171,-0.5402084416907937
0.17200000000000001,-0.730480589741398
0.17300000000000001,-0.40316813873409085
0.17400000000000002,0.29635269127819397
0.17500000000000002,-0.33440966646556225
0.176,0.0099772700599694
0.177,0.6548102800381685
0.178,0.5184864297961056
0.179,-0.7896142415019998
0.18,-0.6173309362778217
0.181,0.8589133930418726
0.182,0.8818677077530559
0.183,-0.9076486245168578
0.184,0.9238684491281417
0.185,-0.6351712337440034
0.186,0.5229274468931258
0.187,-0.36713210836160237
0.188,-0.7276587539055805
0.189,0.6556911059439694
0.19,0.40598598422732346
0.191,-0.14651879766365727
0.192,-0.805864614175011
0.193,-0.31622142623230176
0.194,-0.9873065722154521
0.195,0.07375145479169287
0.196,-0.25598918311022945
0.197,0.6040293937212706
0.198,0.6745370204120487
0.199,-0.6031119249429338
0.2,-0.6132717636011042
0.201,-0.5450821287811449
0.202,0.841214708197106
0.203,0.24436856443586397
0.20400000000000001,-0.36439651987359567
0.20500000000000002,-0.0318845046603069
0.20600000000000002,0.1503519066193808
0.20700000000000002,0.39172987261766545
0.20800000000000002,0.37680387537432103
0.209,-0.5307434503986981
0.21,0.10371602651851108
0.211,0.7388180696550612
0.212,-0.24492969292348943
0.213,-0.9679616911900186
0.214,-0.14763557829361695
0.215,0.20913984938326968
0.216,-0.9801175274096676
0.217,-0.07214505026171336
0.218,0.3863886139963799
0.219,-0.6549713078821395
0.22,-0.5206311960675087
0.221,0.5409966350503657
0.222,-0.04486877983141091
0.223,-0.704251737047598
0.224,0.04990803447980463
0.225,0.8525497449750377
0.226,0.289886229577365
0.227,-0.03705386546912082
0.228,0.7243533990083582
0.229,0.40918047565928295
0.23,-0.6089605550374808
0.231,0.7197477712380247
0.232,0.864712198644513
0.233,0.8546623101503159
0.234,0.9641114544166556
0.23500000000000001,0.09731828681034727
0.23600000000000002,0.4534774421059806
0.23700000000000002,-0.1685366703240745
0.23800000000000002,-0.5039467463378136
0.23900000000000002,-0.5643171560411968
0.24,0.1628356389265755
0.241,-0.4994340288417325
0.242,-0.46853586402538006
0.243,0.6617101371810605
0.244,-0.9036063482111951
0.245,0.42020365775977564
0.246,-0.7058136706442932
0.247,-0.8367363067665521
0.248,0.23826372332457524
0.249,-0.08174301743440338
0.25,-0.38772914129978253
0.251,-0.8766537825100107
0.252,-0.17074862576383198
0.253,-0.3588312312969999
0.254,-0.5642855054231675
0.255,0.6442190456727555
0.256,0.964945172048151
0.257,0.3390856476201265
0.258,0.36964827182999604
0.259,0.05420703321746334
0.26,0.0012664476662487267
0.261,-0.22853159899569886
0.262,0.3264980446528529
0.263,-0.1807118797065499
0.264,-0.5292057418385427
0.265,-0.3619680446475637
0.266,-0.135175175893107
0.267,0.5855004869780169
0.268,0.6980883527999189
0.269,-0.223702309178742
0.27,-0.9768221670116326
0.271,0.5093308584761038
0.272,-0.0789486115744602
0.273,-0.8747126791266908
0.274,-0.9468468628294109
0.275,-0.3973757701758107
0.276,0.5656199716695747
0.277,-0.5297084741133176
0.278,0.9514408202141784
0.279,0.4772977366796778
0.28,-0.3343631750840719
0.281,-0.35058104252830136
0.28200000000000003,0.3314336934523938
0.28300000000000003,0.16335260333929336
0.28400000000000003,0.9722392143528178
0.28500000000000003,-0.7480846458930623
0.28600000000000003,-0.5007388879622476
0.28700000000000003,-0.6558176888601654
0.28800000000000003,-0.5282520203864092
0.289,0.5078661973236382
0.29,-0.6500262314529954
0.291,-0.6302032520630418
0.292,0.31910370752111006
0.293,0.20179899160701753
0.294,-0.3806375459671649
0.295,-0.7241254114945415
0.296,0.05626489864840645
0.297,-0.5857974622414996
0.298,0.9278000037447138
0.299,-0.4729763116067527
0.3,0.14717557320472907
0.301,0.375302324377049
0.302,0.05241014646473796
0.303,0.946454414949893
0.304,-0.12582972815807625
0.305,0.9147191780025288
0.306,0.3609012037007324
0.307,0.8502830774750652
0.308,-0.999135062227029
0.309,-0.4555283360870279
0.31,-0.10049846958078312
0.311,-0.9390068106915574
0.312,0.6328947182970699
0.313,0.40040388153218576
0.314,-0.46237589040488514
0.315,-0.8360216630161295
0.316,-0.3191774358755266
0.317,0.3609341331945355
0.318,0.08784010121962638
0.319,-0.13214587072579675
0.32,0.9337515976556894
0.321,0.0591420186943139
0.322,0.7427292171900757
0.323,-0.9090847354392053
0.324,0.8682903470700998
0.325,-0.8282475787208645
0.326,-0.5015686478878523
0.327,-0.5973974385158236
0.328,0.9976922857613106
0.329,-0.011706374791858432
0.33,0.3012980379626431
0.331,0.587468355014811
0.332,0.8150749166291629
0.333,-0.6414623837452025
0.334,-0.25559905630503854
0.335,-0.16923141187031776
0.336,0.4162123714532442
0.337,0.5240295627563167
0.338,0.09851593567017392
0.339,0.596704745702269
0.34,0.9553311781826632
0.341,-0.1686701189119686
0.342,0.6208885483218041
0.343,0.978384328616694
0.34400000000000003,0.18444886475034394
0.34500000000000003,-0.9080165887522269
0.34600000000000003,0.9947999265217449
0.34700000000000003,0.4347656040609571
0.34800000000000003,0.3275729034100392
0.34900000000000003,-0.8405039922386011
0.35000000000000003,0.8152351179259476
0.35100000000000003,0.6958826161853315
0.352,-0.3462885390739794
0.353,-0.13396975491281382
0.354,-0.9249487570833967
0.355,-0.19721329689640443
0.356,0.21629523034838471
0.357,0.7056830007889394
0.358,-0.1712142544801032
0.359,0.8783577149486184
0.36,0.6625866202557364
0.361,-0.5952332942218979
0.362,-0.40377806264827276
0.363,0.5402318551459468
0.364,0.5613350270643533
0.365,0.5551055713256399
0.366,-0.03746384205845099
0.367,0.46214956360302617
0.368,0.8137992930346929
0.369,-0.16108195700852357
0.37,0.11116975605394463
0.371,0.8718446965276001
0.372,-0.23293022422718046
0.373,0.7218153921177661
0.374,-0.999397865811793
0.375,0.5419410230165989
0.376,-0.3530933394424949
0.377,0.5379935175122323
0.378,0.12831503020586177
0.379,-0.6569900351016051
0.38,0.4417813229660963
0.381,0.8030388910884219
0.382,0.822041943671231
0.383,0.2617358793890383
0.384,0.34578689083776126
0.385,0.23028543821753011
0.386,-0.9758400797377742
0.387,0.5291724727042646
0.388,-0.6256241462638072
0.389,-0.8599067110552512
0.39,-0.7762408898574906
0.391,-0.35784908274923355
0.392,-0.05259604720076183
0.393,0.2829346666314778
0.394,0.3981291561323208
0.395,-0.09363771130561216
0.396,0.8937922677618373
0.397,-0.08167306625129944
0.398,-0.7868448901780689
0.399,0.44823935194632236
0.4,0.01441985549271374
0.401,0.15223195597119288
0.402,0.952779196181788
0.403,0.2499031681943069
0.404,-0.9046444643243838
0.405,-0.4992536984256528
0.406,0.7778890701047854
0.40700000000000003,0.40074081952955365
0.40800000000000003,-0.35060406718587367
0.40900000000000003,0.4590707372246243
0.41000000000000003,0.04895429735822732
0.41100000000000003,-0.9553986840826187
0.41200000000000003,0.6000955411620839
0.41300000000000003,0.9769020550120693
0.41400000000000003,-0.10022140820784631
0.41500000000000004,-0.2318238345435477
0.41600000000000004,-0.61671022518419
0.417,-0.4927696347098809
0.418,0.9376380923613512
0.419,-0.10311658547944735
0.42,-0.20896038840294162
0.421,0.6875719346606322
0.422,-0.02235980759038214
0.423,-0.4139763243656607
0.424,0.120116124043403
0.425,-0.7074364230982586
0.426,0.7912343361441998
0.427,0.5783017497222076
0.428,0.10739928283422584
0.429,-0.44907183176457965
0.43,0.641989354315883
0.431,0.769112731365714
0.432,-0.059760635436400644
0.433,-0.9893091557303182
0.434,0.24312833007286905
0.435,-0.26309120244640516
0.436,0.8785673282606774
0.437,0.025516321642457873
0.438,-0.5843942255902692
0.439,-0.5126620913565123
0.44,0.7956593007616117
0.441,-0.8133908286633333
0.442,-0.59159915057055
0.443,-0.8873953711868228
0.444,-0.3890895695806691
0.445,0.17716454027840123
0.446,0.7663737352872095
0.447,-0.8412054956912636
0.448,0.22772539568757977
0.449,-0.9313672197599987
0.45,0.5528721436203747
0.451,0.8866453594196329
0.452,0.7302599466070203
0.453,-0.7731770140019634
0.454,0.22737163243914593
0.455,0.4456551713834207
0.456,-0.21641490096058646
0.457,0.9743442380120595
0.458,0.41110248886165346
0.459,-0.24954544128770095
0.46,-0.23332292365606233
0.461,0.047310259667319166
0.462,-0.24280625508288267
0.463,-0.573149143244333
0.464,0.9215822833581739
0.465,0.13302891016222151
0.466,-0.8250474974623552
0.467,0.7301318723093273
0.468,-0.9470115840982454
0.46900000000000003,0.32600428829406614
0.47000000000000003,-0.35897254460191563
0.47100000000000003,0.3231047510521816
0.47200000000000003,-0.04951831877606461
0.47300000000000003,-0.2892208171108879
0.47400000000000003,-0.7214060881278013
0.47500000000000003,0.8470391216021262
0.47600000000000003,-0.07932675894122676
0.47700000000000004,-0.6902228276573317
0.47800000000000004,-0.8309903376478096
0.47900000000000004,-0.6704533782556255
0.48,0.7375614896999454
0.481,-0.8977459444138816
0.482,0.7533172919175031
0.483,-0.7974844234001672
0.484,0.24900584986556806
0.485,-0.2562416167471473
0.486,0.16409531846668268
0.487,0.9562986137928589
0.488,-0.5372681929825363
0.489,0.9106316937469903
0.49,-0.8137093019714632
0.491,-0.1176604691026526
0.492,0.1026626340220238
0.493,-0.872441898360022
0.494,0.7808723778174309
0.495,0.8357122786934204
0.496,0.22249725073538218
0.497,0.8621381372796615
0.498,-0.43010633048041114
0.499,0.6035250935362766
0.5,-0.7509380120792979
0.501,0.5713167345232524
0.502,0.1746569202683157
0.503,-0.636494980368312
0.504,0.05905702758343434
0.505,0.580929181377176
0.506,-0.8231024220752992
0.507,0.7219239518142859
0.508,-0.7803577475172245
0.509,0.27245318013641384
0.51,-0.9685754152849264
0.511,-0.1356137482251123
0.512,0.7589511269134444
0.513,0.5907444984258683
0.514,-0.9270812735092686
0.515,0.31654999206173273
0.516,0.943459282653291
0.517,-0.09155308114861183
0.518,-0.18731160851927742
0.519,0.8000292361849615
0.52,0.16566415756256747
0.521,0.7112593910302976
0.522,0.22638907368105898
0.523,0.16998892840117596
0.524,-0.3647632066033413
0.525,0.41089612062319203
0.526,-0.7521148886720439
0.527,0.48826010040172685
0.528,0.8941365063900792
0.529,-0.42873201311153886
0.53,-0.20583721792639076
0.531,-0.1728638504721134
0.532,0.1947666967999402
0.533,-0.20491748669892074
0.534,0.6045230597327318
0.535,0.5293400833237003
0.536,-0.9653171640448353
0.537,-0.5055374630743945
0.538,-0.948096611483358
0.539,-0.9852090110183027
0.54,-0.10059569804534685
0.541,-0.15636178002690526
0.542,0.5632113879895575
0.543,-0.8878354980792731
0.544,-0.7070269849843291
0.545,0.3766629412433282
0.546,0.4647431563183899
0.547,0.9537125127749664
0.548,-0.2197620612602853
0.549,0.5413018053423206
0.55,-0.755311421962791
0.551,-0.9857596177791919
0.552,0.153077380000874
0.553,0.07021852691038966
0.554,-0.16788854578061696
0.555,0.31290769745652747
0.556,-0.10946233065888555
0.557,-0.4536204910315542
0.558,-0.8829523156625092
0.559,-0.5644759688731225
0.56,0.10693165073261679
0.561,0.5675084556424101
0.562,0.4539189027095232
0.5630000000000001,0.24424737970884602
0.5640000000000001,-0.3877988910305392
0.5650000000000001,-0.8073380919385955
0.5660000000000001,-0.4695023625258399
0.5670000000000001,-0.296122175154508
0.5680000000000001,-0.43603479769641873
0.5690000000000001,-0.25012237462699605
0.5700000000000001,-0.45391831872676924
0.5710000000000001,-0.37103043387971035
0.5720000000000001,0.3025691116293556
0.5730000000000001,-0.01704872893600795
0.5740000000000001,0.5315457900024727
0.5750000000000001,0.21284811778816337
0.5760000000000001,-0.41106989359108725
0.577,-0.8437256771140909
0.578,-0.6171155938238515
0.579,-0.28381414747785727
0.58,0.7921127298205952
0.581,0.479256892322925
0.582,0.09917506557771794
0.583,0.4520045898660503
0.584,0.4340794014028966
0.585,-0.3044644267415557
0.586,0.1213822447912154
0.587,0.16835710156391714
0.588,-0.16601528930133158
0.589,0.9587158853846962
0.59,-0.9410828513596547
0.591,-0.327025523491169
0.592,0.02186129157892691
0.593,-0.5986164949142694
0.594,-0.07008918471531711
0.595,-0.7567294943792968
0.596,-0.09538424745009144
0.597,0.3111916590304089
0.598,-0.8484000724310827
0.599,0.668474654304525
0.6,0.026119697610009318
0.601,0.15899846545711327
0.602,0.6528554309004146
0.603,0.6630778352275255
0.604,0.8126631190166211
0.605,-0.9154211836121331
0.606,-0.12632238294093856
0.607,0.6619766000472211
0.608,0.4447691598574215
0.609,0.28703959893534314
0.61,0.9295600710866199
0.611,0.02389653008389847
0.612,0.26733378736882574
0.613,0.1559374034569223
0.614,-0.6278955185020696
0.615,-0.4941921394908084
0.616,-0.8023131363115246
0.617,-0.4956334755958258
0.618,0.18708977351863165
0.619,0.7269635940817301
0.62,-0.3023481399638275
0.621,0.7436803899906816
0.622,-0.2806735886778724
0.623,0.9017055940950363
0.624,-0.5684225588819876
0.625,0.473018081820334
0.626,0.5158719753550869
0.627,0.4608913346607668
0.628,0.09249539098763271
0.629,0.5641622242379218
0.63,-0.9886792476109887
0.631,-0.10225089167166779
0.632,0.5182210606280282
0.633,-0.7281408546161761
0.634,-0.5909178118138745
0.635,-0.9733303968911049
0.636,0.9633107194470039
0.637,-0.45429343702648306
0.638,-0.6243934589216666
0.639,-0.193314468632386
0.64,0.19074814671956597
0.641,-0.5538778732638374
0.642,-0.9265010021580973
0.643,-0.4116286091808963
0.644,0.7051703301675001
0.645,-0.7977061222353128
0.646,-0.5232619327480277
0.647,0.9687720082766684
0.648,-0.7930439192066432
0.649,0.7432998279692398
0.65,-0.3217308888658186
0.651,0.4242785870160193
0.652,-0.9059507397922062
0.653,-0.9271554196371821
0.654,-0.4420198737061829
0.655,-0.6860191945889904
0.656,-0.3908017295769639
0.657,0.49375987689531753
0.658,-0.43394746651735394
0.659,-0.5649261557402185
0.66,0.3295518644127404
0.661,-0.45401622656920937
0.662,0.2914097893779082
0.663,-0.7107167668088468
0.664,0.5037907352423552
0.665,-0.4413156936187177
0.666,0.23144371148337717
0.667,0.30326308997653184
0.668,-0.7497557680802942
0.669,0.9273237244947421
0.67,0.37839338093066366
0.671,-0.18642927660348496
0.672,0.887100098852305
0.673,-0.008078729668798301
0.674,-0.4630302219200386
0.675,-0.9558273030707223
0.676,-0.8109239093890597
0.677,-0.6295729182453067
0.678,-0.7780169422605074
0.679,-0.0755592519691366
0.68,0.05687572020370202
0.681,-0.71572147437802
0.682,-0.5086760452571448
0.683,0.09211364759270224
0.684,0.5896962782683788
0.685,0.16778420710764586
0.686,-0.6644002213829092
0.687,0.47495504760592766
0.6880000000000001,0.7992305540998881
0.6890000000000001,0.19242485443272872
0.6900000000000001,0.47200440079535677
0.6910000000000001,-0.08104082558756787
0.6920000000000001,-0.386924726173558
0.6930000000000001,0.2648030568635089
0.6940000000000001,0.05387465090217769
0.6950000000000001,-0.5746921786910821
0.6960000000000001,0.9491792084195692
0.6970000000000001,0.13838511559131406
0.6980000000000001,-0.9714297057906474
0.6990000000000001,-0.18623200400014972
0.7000000000000001,0.8411650391459906
0.7010000000000001,-0.3534852359109635
0.7020000000000001,0.6929985912167733
0.7030000000000001,-0.2751457292841144
0.704,0.5238888166011562
0.705,0.2869484298236713
0.706,0.9108206271560868
0.707,-0.24437606403937928
0.708,-0.052766283280077486
0.709,0.7002548849286292
0.71,-0.09714465280581375
0.711,-0.1667683992934148
0.712,-0.30903964069067036
0.713,-0.7613726632937217
0.714,-0.001135611612983256
0.715,-0.13568462501327083
0.716,-0.2147523817665289
0.717,0.2915473345252584
0.718,0.7094823975918418
0.719,0.1713277474792818
0.72,0.5286045617263286
0.721,0.553829298804065
0.722,-0.05772722826774568
0.723,-0.5553759334184949
0.724,0.8960210550180354
0.725,0.576895142033526
0.726,-0.8236283593503051
0.727,0.35521553795621585
0.728,-0.3035876753951683
0.729,0.3318458588888631
0.73,0.7364660938201482
0.731,-0.004720447049308074
0.732,0.9828221424863164
0.733,0.3844314301428182
0.734,-0.7683585148184735
0.735,-0.5166762544847547
0.736,0.44765966063474916
0.737,-0.6058881569838654
0.738,0.07944615196427729
0.739,-0.17692465674163094
0.74,-0.5672872393953126
0.741,-0.15702352931729857
0.742,0.7571479346168282
0.743,0.34693933538315136
0.744,0.3551056322489825
0.745,0.9057656512027608
0.746,-0.7628877528439362
0.747,0.4212769036936026
0.748,0.9407614439207463
0.749,-0.9330388688077802
0.75,0.012883634316624537
0.751,0.3039117414891981
0.752,-0.35458015216003624
0.753,0.8520576986875463
0.754,0.41960192394183915
0.755,-0.45396731881038455
0.756,0.4371590381214421
0.757,-0.6762068109297716
0.758,-0.6581143345886542
0.759,-0.026157590807281306
0.76,0.665446308910244
0.761,0.35958188988547124
0.762,0.8690804354791029
0.763,0.6790073729154626
0.764,0.7131310929670034
0.765,0.06347670495909075
0.766,-0.8894142426165081
0.767,-0.31705391008952
0.768,-0.664590844108544
0.769,0.8567439682395779
0.77,-0.9017822675032983
0.771,0.5100365520821035
0.772,-0.841815591089822
0.773,0.3166983283621545
0.774,0.2782477363650824
0.775,0.02200594343988138
0.776,-0.6392885332450484
0.777,0.7103338574335483
0.778,0.8425130244329979
0.779,0.5983977773921259
0.78,0.3852147988777228
0.781,-0.2922627565175304
0.782,-0.0593704985307153
0.783,0.381865831352892
0.784,-0.9387875844474571
0.785,0.9999063535855546
0.786,-0.5300717912645461
0.787,0.9171200746221291
0.788,-0.8563492754799547
0.789,-0.9017400706146652
0.79,0.9979916882095812
0.791,0.09680118441944918
0.792,-0.17762917370933828
0.793,0.12364476120646795
0.794,0.9331748453943045
0.795,0.9864133220072986
0.796,-0.31617511514427865
0.797,0.4376016043821995
0.798,-0.39200298151829793
0.799,0.8428629593179329
0.8,0.9784494846969183
0.801,0.6787739784024256
0.802,0.5146617028365359
0.803,-0.614196601465695
0.804,0.9363176056518734
0.805,0.9728211019247279
0.806,0.740533299171751
0.807,-0.14932887779140525
0.808,0.6202600418124737
0.809,0.5560082801345154
0.81,-0.3762425962160514
0.811,-0.34090163038092225
0.812,-0.33207946751799255
0.8130000000000001,-0.2466334634286198
0.8140000000000001,-0.5282981282131571
0.8150000000000001,-0.3814446341837514
0.8160000000000001,-0.31100324623469633
0.8170000000000001,-0.7397865795160044
0.8180000000000001,0.1572350771367086
0.8190000000000001,0.07975623096901718
0.8200000000000001,-0.6723059764245802
0.8210000000000001,-0.19323709581332404
0.8220000000000001,0.47444342835187747
0.8230000000000001,0.4028341922434824
0.8240000000000001,-0.921326144125137
0.8250000000000001,-0.9582804000098701
0.8260000000000001,0.6937582598691971
0.8270000000000001,-0.6878424031356767
0.8280000000000001,-0.13421983790480407
0.8290000000000001,-0.5182159889049682
0.8300000000000001,-0.8754879965017897
0.8310000000000001,-0.5472269706725328
0.8320000000000001,0.17826009051176506
0.833,-0.3793104814914017
0.834,-0.8244656620478745
0.835,0.2735420152594483
0.836,0.8359538161982787
0.837,0.8317031959824173
0.838,-0.12271180347768373
0.839,-0.08427472468316033
0.84,-0.8726168653667314
0.841,0.23901796725953717
0.842,-0.879183965251499
0.843,-0.8800467720579401
0.844,0.6150733358210307
0.845,-0.609229943740728
0.846,-0.2884948845640911
0.847,-0.24247352547966328
0.848,0.8486783731308511
0.849,0.13248204466263758
0.85,0.7830548041689003
0.851,0.25655266113620834
0.852,0.48618393682986527
0.853,0.9562300408727413
0.854,-0.38887890552277127
0.855,0.9165289114952888
0.856,0.8846548180888256
0.857,-0.3771990611531473
0.858,-0.8505093799548693
0.859,-0.8792536510202005
0.86,0.04642993829782349
0.861,-0.7728666712396912
0.862,-0.2277384731607046
0.863,-0.9903255873313996
0.864,0.7445658307732619
0.865,-0.8360759443934516
0.866,0.15341913476129054
0.867,0.29942683565757133
0.868,0.4575109106278292
0.869,0.6819507379533853
0.87,-0.8095574239548557
0.871,0.7004731723629816
0.872,0.8010002868261978
0.873,-0.9364031085883373
0.874,-0.4944559138978788
0.875,-0.8401499397674095
0.876,-0.4866290060034879
0.877,-0.7165285954028249
0.878,-0.9666572380390674
0.879,-0.9764073347486866
0.88,-0.3904739489346647
0.881,0.8676738564685529
0.882,-0.09659350490928786
0.883,0.6248729615011239
0.884,-0.7664119906221787
0.885,0.8359800057288307
0.886,-0.7496051282481884
0.887,0.6849802018075375
0.888,-0.5188425743994591
0.889,0.001719486737674858
0.89,0.5800754987567605
0.891,-0.3713765343365094
0.892,0.694546084223729
0.893,-0.1769526730329678
0.894,0.5976996967055475
0.895,0.7654247140659469
0.896,-0.895053758103147
0.897,0.14972253991593987
0.898,0.25067994628095813
0.899,-0.11689662839909953
0.9,0.9808436473615152
0.901,0.07408650161715369
0.902,0.013568672796462122
0.903,0.3336842484139575
0.904,-0.9446978647946824
0.905,-0.22721400579733242
0.906,0.947380405111891
0.907,0.5395708493748732
0.908,0.618459569414143
0.909,-0.026624684271455035
0.91,0.8726547144910937
0.911,-0.36459320688488894
0.912,-0.5862276723123439
0.913,-0.8362497707920113
0.914,-0.7668535701005379
0.915,-0.09019225255363206
0.916,0.9455205571033856
0.917,0.6047056947086009
0.918,-0.4168672407399414
0.919,-0.7157366362682525
0.92,0.46696176063492434
0.921,0.3971877408479465
0.922,0.4894921854863583
0.923,-0.9849501523660018
0.924,-0.14196534147690132
0.925,-0.6524063844318435
0.926,0.9763538378088337
0.927,-0.23197831677047143
0.928,-0.012456276387208698
0.929,-0.4562299613676639
0.93,0.5481411971355874
0.931,0.7784501635673395
0.932,-0.7023305648082907
0.933,0.6761762413531027
0.934,-0.32628854022270026
0.935,-0.24587054139585152
0.936,-0.7398799139089616
0.937,0.9584663654446695
0.9380000000000001,0.5573879085077491
0.9390000000000001,0.39273158891887605
0.9400000000000001,-0.7304281796626695
0.9410000000000001,0.15445487557965643
0.9420000000000001,0.2559031354414436
0.9430000000000001,-0.1223787227563291
0.9440000000000001,-0.36661678197311276
0.9450000000000001,0.7222330894787921
0.9460000000000001,-0.05014402445617616
0.9470000000000001,0.33239752810955303
0.9480000000000001,0.0088977291525012
0.9490000000000001,0.6462069590159798
0.9500000000000001,-0.29708962556819674
0.9510000000000001,-0.5767769637654074
0.9520000000000001,-0.2240948129393645
0.9530000000000001,0.38622295310142185
0.9540000000000001,0.9355687946872875
0.9550000000000001,-0.38965570569371355
0.9560000000000001,-0.7877068362702235
0.9570000000000001,0.41976574523071464
0.9580000000000001,0.07215360140565963
0.9590000000000001,-0.07476069360977533
0.96,0.9379382281035584
0.961,0.5085863594405535
0.962,0.477138003750988
0.963,0.16830196422832833
0.964,-0.9338359828000122
0.965,-0.7789081596777336
0.966,0.061417573373229395
0.967,-0.5690413496158595
0.968,-0.9145519266683761
0.969,0.6268728266134884
0.97,0.5984748707107914
0.971,-0.43765796144735436
0.972,-0.24828251814412794
0.973,-0.5556528687906597
0.974,0.13809323085229175
0.975,-0.6162558616450324
0.976,-0.1685340026281852
0.977,0.7836648151762224
0.978,-0.442397137918517
0.979,-0.460032181823153
0.98,0.357926711210246
0.981,0.9448970221607025
0.982,0.5291248910291309
0.983,-0.882507024792921
0.984,0.20439794287288793
0.985,-0.5552247298921489
0.986,-0.09506125133256527
0.987,-0.45194943771365503
0.988,-0.7996865944569542
0.989,0.5675057801872079
0.99,0.774263636677637
0.991,0.20974989849451098
0.992,0.5806728014078253
0.993,-0.7121407244143734
0.994,0.2763387016619969
0.995,0.025407511529853988
0.996,-0.45040275664155716
0.997,-0.09366564521229837
0.998,0.7030917641287056
0.999,-0.24241454579333954
1.0,-0.65980522162818
1.0010000000000001,0.214146732142807
1.002,0.3590989934559734
1.0030000000000001,-0.9142580351830982
1.004,0.06403583570645499
1.0050000000000001,-0.7906507635248985
1.006,0.27783682784754293
1.0070000000000001,-0.4905098918334201
1.008,0.8183049016560764
1.0090000000000001,-0.28096064196300063
1.01,-0.36795417293731303
1.0110000000000001,0.4696607862491351
1.012,-0.6347658835245118
1.0130000000000001,-0.6144555155524496
1.014,-0.6131580568592381
1.0150000000000001,-0.4090727514210948
1.016,0.31963085220996956
1.0170000000000001,-0.7577916145121035
1.018,-0.6015037614685534
1.0190000000000001,-0.8591576795624103
1.02,0.9129615353642879
1.0210000000000001,-0.0989986165771799
1.022,0.921102372500298
1.0230000000000001,0.5808815657908304
1.024,0.04370328962266368
1.025,-0.3459635035419204
1.026,-0.797649169875895
1.027,0.47922907249568625
1.028,-0.9920150114438864
1.029,-0.17360873881887384
1.03,0.7415840198377806
1.031,-0.861709980319737
1.032,0.4356022338738197
1.033,-0.34025578923106115
1.034,0.7704759726179333
1.035,-0.9962478780804114
1.036,-0.8993774039137024
1.037,0.9265554482326277
1.038,0.6868084782925032
1.039,-0.876301488265506
1.04,0.9160243047559475
1.041,-0.15137332188517116
1.042,0.3237806189762351
1.043,-0.9708790589829648
1.044,-0.01664964385574974
1.045,-0.5434802709973894
1.046,-0.5730828401660784
1.047,0.23337501926270687
1.048,0.9096928734309548
1.049,0.1154565814119839
1.05,0.5909318156599124
1.051,0.3753210872052841
1.052,-0.9321675654380106
1.053,0.7926100697304423
1.054,0.18407088520255144
1.055,0.5155698618071631
1.056,0.44184807916012225
1.057,-0.27059217195856955
1.058,0.5769439124971241
1.059,-0.5470127973163537
1.06,-0.6604205849012368
1.061,0.2512398280257162
1.062,0.08921604436540953
1.063,-0.5459302383504891
1.064,-0.13482565172731587
1.065,0.3507331625279295
1.066,0.5976841779087523
1.067,-0.9819471850467492
1.068,0.1575227676069384
1.069,-0.7356385962539524
1.07,0.5189217548099712
1.071,-0.07188895482080038
1.072,-0.6847997120329241
1.073,-0.9423178232165466
1.074,-0.7982862461901801
1.075,0.20721959799689915
1.076,0.5532462635932145
1.077,0.1403301637099923
1.078,-0.5295027768466019
1.079,-0.6221517340539469
1.08,-0.509161820648731
1.081,0.6894991592845205
1.082,0.6557448346641241
1.083,-0.081965552642987
1.084,-0.7796582258873115
1.085,-0.7462490719644947
1.086,0.055343211727781005
1.087,-0.490074113262829
1.088,-0.06613262110991625
1.089,-0.0047496322244291456
1.09,-0.03012988417856799
1.091,-0.12949880567851757
1.092,-0.4519190039459766
1.093,-0.86182094729979
1.094,0.8209017179631575
1.095,0.9135325978204609
1.096,-0.7629262877780603
1.097,-0.0761636544366362
1.098,0.03834523111938304
1.099,-0.09867123555476254
1.1,-0.5768885766999254
1.101,0.9425689393110934
1.102,-0.8908889970841254
1.103,0.30349106560681927
1.104,-0.1652865249268869
1.105,-0.9174882475944592
1.106,-0.534330536258121
1.107,-0.3902212283288533
1.108,-0.7051219339038806
1.109,0.32122786167948814
1.11,-0.29061646367642435
1.111,0.6322611426307723
1.112,-0.5548573286455909
1.113,-0.264827287485051
1.114,-0.511515929548819
1.115,0.055823237411782634
1.116,-0.8144738024063025
1.117,-0.09278956686413431
1.118,-0.4989912303305746
1.119,-0.6677337490754924
1.12,-0.5564045117533567
1.121,0.0675402098079696
1.122,0.5029053823270213
1.123,0.28871344503869145
1.124,-0.8611424587102436
1.125,0.4023085305352936
1.1260000000000001,0.9787878948171849
1.127,-0.9146762202210852
1.1280000000000001,0.6882954127190914
1.129,0.4727456054041539
1.1300000000000001,-0.3859003282992224
1.131,-0.013642876851474695
1.1320000000000001,-0.21319533599987217
1.133,-0.6696991699694665
1.1340000000000001,-0.48395979751377616
1.135,-0.20269742982772265
1.1360000000000001,-0.24802716963242233
1.137,-0.6329320711730284
1.1380000000000001,-0.6969457238478924
1.139,-0.6829479543620955
1.1400000000000001,-0.3677150482253486
1.141,0.2691582052368342
1.1420000000000001,-0.76287818118621
1.143,-0.18219207510263513
1.1440000000000001,0.4464752610688123
1.145,0.3488983607111378
1.1460000000000001,0.9338074230697153
1.147,0.43792538546777293
1.1480000000000001,0.7281126576703365
1.149,0.10373255465249143
1.1500000000000001,0.37751133657438496
1.151,0.7042828290490946
1.1520000000000001,-0.17804066758551795
1.153,0.49621241091372403
1.154,0.7074212225715688
1.155,-0.07932998812185521
1.156,-0.42527506889824296
1.157,-0.2862669120728625
1.158,0.06183813154947426
1.159,0.37027375482333147
1.16,-0.6993336712912299
1.161,-0.7915243336834334
1.162,-0.37628469233899486
1.163,0.47591409522914163
1.164,-0.927752615372897
1.165,0.12018300190335696
1.166,-0.5531859587632233
1.167,-0.3237123272691289
1.168,0.5152108315586297
1.169,0.4482903731909902
1.17,-0.4861167827005686
1.171,-0.3687725207645469
1.172,-0.7736962899160367
1.173,-0.6622764296813213
1.174,-0.599690257958629
1.175,0.20568108142110741
1.176,-0.19179667102930775
1.177,-0.5233206429553068
1.178,0.9408450000836819
1.179,0.658276277779916
1.18,-0.741132465362734
1.181,0.22244960944579395
1.182,-0.6756801171170783
1.183,0.13525847226622223
1.184,0.837986797524745
1.185,0.5840179452177479
1.186,0.5167398890905979
1.187,-0.7974586825257732
1.188,0.27296551119387935
1.189,-0.08959271937660818
1.19,0.8169710372725727
1.191,0.4307389283741827
1.192,0.0948706371055803
1.193,0.8701203925669507
1.194,0.3106720447795317
1.195,0.46144502514021246
1.196,0.8957531099184666
1.197,-0.6534707640920556
1.198,0.8354201330252735
1.199,-0.6717887395988993
1.2,-0.27329350444196243
1.201,0.17827746175686432
1.202,-0.38348481342142593
1.203,-0.11582904595253862
1.204,0.882354700427399
1.205,0.5105915124978222
1.206,-0.7469509961254275
1.207,0.20825893303174658
1.208,0.959745118809707
1.209,-0.06466161359298916
1.21,0.5542934837243387
1.211,0.9441042680332208
1.212,-0.9549128677807683
1.213,-0.702316827955161
1.214,0.25689485377278487
1.215,0.624477405127509
1.216,-0.30405890571970073
1.217,0.9280812434980785
1.218,0.10143518904749604
1.219,-0.831394269728815
1.22,0.05513405705614649
1.221,-0.17357551909968905
1.222,-0.7734676851652043
1.223,0.902195095059324
1.224,-0.07703944240492722
1.225,0.8068268933563871
1.226,-0.8862775974019323
1.227,0.0858962722198493
1.228,0.8104526723258085
1.229,0.3295084148163443
1.23,-0.4045877436906169
1.231,-0.9672629706794458
1.232,-0.5730039970882821
1.233,0.9452168580822033
1.234,0.03971128480406394
1.235,0.751825000753481
1.236,-0.7189903437619756
1.237,0.7958867538551513
1.238,-0.30797913813619915
1.239,0.8211178952139471
1.24,-0.2927912865231448
1.241,-0.9181074453201097
1.242,-0.2044423126381516
1.243,-0.7070340527883003
1.244,0.32233844178637727
1.245,0.18677166283741586
1.246,0.8111022930855232
1.247,-0.37817734658504665
1.248,-0.5283759060518347
1.249,0.12998640054045807
1.25,-0.7130917433834967
1.2510000000000001,-0.26810270583203577
1.252,-0.9560881552104314
1.2530000000000001,-0.3952783252165615
1.254,-0.46698679108208374
1.2550000000000001,-0.7794981859729031
1.256,0.10543864208752507
1.2570000000000001,-0.8078085445581211
1.258,0.6733542264529795
1.2590000000000001,0.7780293784613308
1.26,0.2465025903624667
1.2610000000000001,-0.020014379449962094
1.262,0.003151939541468751
1.2630000000000001,-0.8438036655011167
1.264,-0.3279556126918084
1.2650000000000001,-0.5481282029956243
1.266,-0.4918703302476133
1.2670000000000001,0.6459529502288095
1.268,0.050095511581879304
1.2690000000000001,0.41495129962815325
1.27,-0.8728151201968515
1.2710000000000001,-0.44039757002798985
1.272,-0.8023102779516464
1.2730000000000001,-0.4339140465209077
1.274,-0.19774867905443627
1.2750000000000001,-0.577422039817767
1.276,0.9601729239950851
1.2770000000000001,-0.6473477083830397
1.278,-0.6375783343162384
1.2790000000000001,-0.7928275157444145
1.28,0.7893771540291148
1.281,0.9441511037179757
1.282,-0.2835977414969011
1.283,0.5383695244871327
1.284,0.8443755240205735
1.285,0.06973039467121134
1.286,0.9788134859415325
1.287,0.7656987819146319
1.288,-0.870050657156977
1.289,0.9373739747918317
1.29,0.9543558612345568
1.291,0.3886084367011966
1.292,-0.7116906568698196
1.293,0.08462248249859705
1.294,-0.4619790644677453
1.295,0.9176225284824173
1.296,0.9076074460718433
1.297,0.2804733130675141
1.298,-0.4753915637660404
1.299,-0.8240650294184488
1.3,-0.2525126488716829
1.301,0.043389939151705414
1.302,0.2351912368581064
1.303,0.028288270748537014
1.304,-0.8748251311736492
1.305,-0.6946666467019214
1.306,0.9303730486075799
1.307,0.5490847763552882
1.308,-0.8373172022799911
1.309,-0.3496414901219893
1.31,-0.8876116070682154
1.311,-0.814586393005341
1.312,-0.03573843771331586
1.313,-0.8038871185024854
1.314,-0.3044321331634936
1.315,0.10051824344773297
1.316,0.7116768927768369
1.317,0.3931148237363331
1.318,-0.44604315850015563
1.319,0.7318295941603612
1.32,-0.6718914784936283
1.321,-0.4761919089557365
1.322,-0.06388406581815853
1.323,0.295678026599985
1.324,0.13478198576105016
1.325,-0.2224026132869794
1.326,0.8243213181421942
1.327,0.799065673739203
1.328,0.2598112161644175
1.329,0.605753989068353
1.33,-0.46083095746956304
1.331,-0.7187701331009406
1.332,0.46200427473209116
1.333,-0.0928754125996889
1.334,0.5255743540998903
1.335,0.5386418927424061
1.336,-0.8533625097202302
1.337,-0.8735383552255733
1.338,0.7623149757925551
1.339,-0.4116889375114494
1.34,-0.8447965438485447
1.341,0.4739170725519566
1.342,0.2882688095451258
1.343,0.7508994327231289
1.344,-0.05615756973920094
1.345,-0.7616402641279887
1.346,0.684822742836771
1.347,-0.9979136320721642
1.348,0.2524722884588848
1.349,-0.7763059118944085
1.35,0.734258464526117
1.351,0.46737310515063135
1.352,0.9792232474168989
1.353,-0.5036175366865563
1.354,-0.4577823787484492
1.355,-0.15498419384737883
1.356,-0.7379210839444452
1.357,-0.3869289476959621
1.358,0.508214048076862
1.359,0.8088856739325496
1.36,-0.6882693424411352
1.361,-0.04044301314473442
1.362,-0.7278682987183545
1.363,0.5018469447089258
1.364,-0.014626045594742232
1.365,-0.8950882531388613
1.366,0.08012978878240573
1.367,0.01715394864069797
1.368,0.7379019552814705
1.369,0.18839303616840208
1.37,-0.7360239845656689
1.371,0.35536009150790515
1.372,0.17149129163566657
1.373,-0.9608712894962546
1.374,0.7450127237798396
1.375,0.43114693406527915
1.3760000000000001,0.2104505705177837
1.377,-0.6160024484467175
1.3780000000000001,0.19068666913463872
1.379,0.5883372616845159
1.3800000000000001,-0.23501297632284346
1.381,-0.31182020465285865
1.3820000000000001,-0.2530752387883852
1.383,-0.9240028257624457
1.3840000000000001,-0.2033171240534557
1.385,0.175743648223869
1.3860000000000001,0.6994336186567591
1.387,0.33227166136681263
1.3880000000000001,0.14805458730757248
1.389,-0.6082803933038206
1.3900000000000001,-0.30944641410539475
1.391,-0.7052363287204813
1.3920000000000001,-0.6328380506548241
1.393,-0.7323873288637661
1.3940000000000001,-0.317697587960571
1.395,-0.5464303105787405
1.3960000000000001,-0.1732403415834467
1.397,-0.8912115942472283
1.3980000000000001,-0.3909966820182229
1.399,0.6616451224405246
1.4000000000000001,-0.9258015897011567
1.401,0.8879156108018484
1.4020000000000001,-0.6632554191731506
1.403,-0.638813540319211
1.4040000000000001,0.4116402775070236
1.405,0.9589079480854192
1.4060000000000001,0.5564578271403213
1.407,0.7842135728161195
1.408,0.864281190139349
1.409,0.999957442793078
1.41,-0.948125167430024
1.411,-0.607650489733722
1.412,-0.5379765002388173
1.413,0.950646473155498
1.414,-0.053321944925181386
1.415,-0.5887471444479233
1.416,0.09036998894026205
1.417,-0.007714006974972154
1.418,0.2528016251688645
1.419,0.936129080019662
1.42,0.4969564843264933
1.421,0.5499468365327176
1.422,-0.9225167168877015
1.423,-0.7481297002750888
1.424,-0.9173193605401027
1.425,-0.8194200404694438
1.426,0.28342423136343986
1.427,-0.4330451651295546
1.428,-0.7431122863416049
1.429,0.33432587623824817
1.43,-0.034921695812325515
1.431,0.7703208187637953
1.432,0.12579358975445398
1.433,0.6280547325038703
1.434,-0.8448070595676209
1.435,0.07002130947738472
1.436,-0.12721263215544387
1.437,0.4976625965453487
1.438,0.7744558112240398
1.439,-0.6808428242206215
1.44,0.3455044436768051
1.441,0.9911859812027326
1.442,-0.28478888976906047
1.443,0.3825305935535006
1.444,0.5220515296503332
1.445,-0.40617951844662326
1.446,0.5549084820245469
1.447,-0.21733261681039195
1.448,0.19339595995628356
1.449,0.9349578797507379
1.45,0.887726785259441
1.451,-0.4873593300315444
1.452,0.5544772120497607
1.453,-0.9096769616209306
1.454,0.6316799397476343
1.455,-0.49024623643701704
1.456,0.33402200588006026
1.457,0.18835362799240363
1.458,-0.3573784998929028
1.459,0.978875599742917
1.46,-0.9554015844894681
1.461,-0.8198991996860503
1.462,0.5885810456843503
1.463,0.7537428577884215
1.464,0.14613490393482276
1.465,-0.5226485179000291
1.466,0.5384606977972677
1.467,0.2693498370531322
1.468,-0.17728210866311422
1.469,-0.38751473767162126
1.47,-0.7646700535604896
1.471,0.18364416398475836
1.472,0.40770573941926
1.473,0.40670701021892564
1.474,-0.3595776608148844
1.475,0.10074617217163828
1.476,0.8546242950772489
1.477,-0.7005854755547067
1.478,-0.35917863126369265
1.479,0.45792604876809273
1.48,-0.3914673036528691
1.481,0.6945724952695731
1.482,-0.006947925528692389
1.483,-0.1253752927430556
1.484,0.7774626320355862
1.485,-0.34730288075007953
1.486,-0.6870460708424746
1.487,0.7635677504102691
1.488,0.2523981094597292
1.489,0.6128931717611632
1.49,-0.9761930102443164
1.491,0.5754260352719061
1.492,-0.10139696143808741
1.493,-0.37451409730929064
1.494,-0.482041645755259
1.495,0.025001861401154235
1.496,0.8516732775823128
1.497,0.06734804316945597
1.498,0.47246073383571763
1.499,-0.49458578487918015
1.5,0.6733887042592099
1.5010000000000001,-0.04465263945702014
1.502,-0.9795989206139395
1.5030000000000001,0.15689971905818778
1.504,0.7980702902906256
1.5050000000000001,0.5946363417121303
1.506,-0.010398431865946467
1.5070000000000001,-0.37490141422081624
1.508,0.5612014776418461
1.5090000000000001,-0.27606296410751074
1.51,-0.26584212758461123
1.5110000000000001,0.7353594523423259
1.512,-0.8886552241060839
1.5130000000000001,-0.15427934265659116
1.514,0.41037133657283453
1.5150000000000001,0.45200814891322616
1.516,-0.19486954278457036
1.5170000000000001,0.322741273223365
1.518,0.6302998000459625
1.5190000000000001,-0.9462592991365297
1.52,0.5354147151730797
1.5210000000000001,-0.6457422082157371
1.522,0.5568497751227339
1.5230000000000001,-0.4759651635065474
1.524,0.3988241680814115
1.5250000000000001,-0.26218486698365884
1.526,0.982520798443552
1.5270000000000001,0.548730958565889
1.528,-0.5909322388611915
1.5290000000000001,0.8893662937509021
1.53,0.6165488080672743
1.5310000000000001,0.5498565153100916
1.532,0.8927908550048584
1.5330000000000001,0.9790951847743858
1.534,0.6263247514618324
1.5350000000000001,0.6101143835637013
1.536,0.8565968889463056
1.537,-0.6559354504848258
1.538,0.6808546756934497
1.539,-0.7426953841851172
1.54,-0.9268003284522923
1.541,-0.07422396146579158
1.542,-0.8866706084718343
1.543,0.6667846924271745
1.544,-0.07600470423407057
1.545,0.8853458699309242
1.546,0.4091347473305653
1.547,-0.6963662698844766
1.548,-0.8665590017318698
1.549,-0.9625729696935814
1.55,0.012701386103899814
1.551,0.9553138889240738
1.552,0.35810708482576836
1.553,0.20158500201154772
1.554,0.3146000054710516
1.555,-0.1491745582991253
1.556,-0.1384262234793352
1.557,0.705645244427074
1.558,-0.6613121327177667
1.559,0.21831805013428673
1.56,0.2924762234925242
1.561,-0.9221831719092293
1.562,-0.7729319563297463
1.563,0.5279431368615559
1.564,-0.9209989679461486
1.565,-0.29109561527949124
1.566,-0.29421386249103665
1.567,-0.6425462396745509
1.568,0.4130198862782277
1.569,0.4275304233516768
1.57,0.7362132997332971
1.571,0.5811119046911584
1.572,-0.06447884301182394
1.573,-0.6069605050102356
1.574,0.33010696831887487
1.575,-0.6595131353884045
1.576,-0.29304073615969606
1.577,-0.6473642470074876
1.578,-0.17496683913931532
1.579,-0.6410812158781682
1.58,0.7408039698562947
1.581,-0.45385745462936833
1.582,-0.8116009574854419
1.583,0.511341267861581
1.584,0.2439847293167421
1.585,-0.08435395734062312
1.586,-0.4810930341885109
1.587,0.6652115611425917
1.588,-0.9801335076698989
1.589,-0.14233916449269324
1.59,0.3698236283377454
1.591,0.23070977070767085
1.592,0.7142879338425854
1.593,0.4650990785852551
1.594,0.35647235507557573
1.595,-0.8776932740871435
1.596,-0.3506727934248288
1.597,-0.847374291190987
1.598,0.8014912050458212
1.599,0.8759884786417798
1.6,0.5628698437458202
1.601,-0.6292460790589331
1.602,0.7047714511113101
1.603,0.22310414099340137
1.604,0.22697936728790613
1.605,-0.02013792314686058
1.606,-0.4424572678545453
1.607,-0.503397611316518
1.608,0.76225727071713
1.609,0.09091278660792401
1.61,0.2380087671491813
1.611,0.08509775889733828
1.612,0.6782328458715587
1.613,0.8377242567460648
1.614,0.27397798853571986
1.615,-0.1256935693360326
1.616,-0.17772771107569807
1.617,0.02863191579711244
1.618,0.8921358322644894
1.619,0.11401728405020695
1.62,0.9818550487499262
1.621,-0.5319791723357772
1.622,-0.7783739360762694
1.623,0.808368019965308
1.624,-0.1934347573731776
1.625,-0.920589275540517
1.6260000000000001,-0.4236058328331098
1.627,0.36999379932175525
1.6280000000000001,0.4852604219742527
1.629,-0.7268478420014117
1.6300000000000001,0.7578594153351599
1.631,0.4229496012229801
1.6320000000000001,0.8171428762368502
1.633,0.823462693707192
1.6340000000000001,-0.06761064378932136
1.635,-0.4510182887301917
1.6360000000000001,-0.41005399393817776
1.637,-0.59321345932587
1.6380000000000001,-0.3085865673521657
1.639,-0.4637770937466852
1.6400000000000001,-0.7287572093441392
1.641,-0.21871908505453663
1.6420000000000001,-0.8956530409430423
1.643,0.4226848931051397
1.6440000000000001,0.16336882128498798
1.645,0.817381915395889
1.6460000000000001,-0.23544661861770422
1.647,0.04408332588858177
1.6480000000000001,-0.3434194144384193
1.649,0.9562433822656522
1.6500000000000001,-0.7697422808698073
1.651,0.8456194473688119
1.6520000000000001,0.13910916922408578
1.653,-0.1583997423865453
1.6540000000000001,0.930765491633851
1.655,-0.7711789154646997
1.6560000000000001,0.8082797248844329
1.657,-0.49103330398487643
1.6580000000000001,-0.5742564236828855
1.659,0.7704261078594556
1.6600000000000001,-0.22390199541159128
1.661,-0.3440305211911545
1.6620000000000001,0.07185300073402634
1.663,-0.29964823243872196
1.6640000000000001,0.00253379723562297
1.665,0.26321810540089796
1.666,0.6014489068355771
1.667,-0.33887418281268533
1.668,0.2385691551526672
1.669,-0.42399321216582586
1.67,-0.28495937606753197
1.671,0.20097257870200735
1.672,-0.34126693168922606
1.673,0.07688362489881628
1.674,-0.43446238289404215
1.675,0.9398977739133265
1.676,0.2139357218628235
1.677,0.7372653946304024
1.678,0.7052707967939438
1.679,0.9809725490325594
1.68,0.23174528273221706
1.681,0.7761506221755579
1.682,-0.3852285836346534
1.683,0.1129118930154056
1.684,0.9933563135530352
1.685,-0.6177787229720424
1.686,-0.1923209893883877
1.687,-0.13811623647881754
1.688,0.8893459396650638
1.689,-0.8945994958803145
1.69,-0.3154634884150349
1.691,0.28571822556551374
1.692,-0.2653735468773124
1.693,-0.20663821111403036
1.694,-0.9458562985212711
1.695,0.9162811352605129
1.696,0.3603699187165774
1.697,-0.8690504435718909
1.698,0.413527439631046
1.699,-0.3522579803762478
1.7,0.23038399288667577
1.701,0.4861267481891396
1.702,-0.7027895987223087
1.703,0.2497233692236418
1.704,0.6765187453650234
1.705,0.5751664940625856
1.706,0.933267444711412
1.707,-0.8596686045670292
1.708,-0.29243939818341946
1.709,0.10635344129933988
1.71,-0.14262640937084514
1.711,0.8566755353327713
1.712,-0.6028125327282889
1.713,0.3542129930081195
1.714,-0.3426270199733408
1.715,0.372741687606319
1.716,-0.3503108660949956
1.717,-0.1552721169807958
1.718,-0.751409214321501
1.719,-0.8018451983370303
1.72,0.4129744396632158
1.721,-0.2863924993741065
1.722,-0.9141074006525978
1.723,0.9209708035166722
1.724,-0.10594321131562712
1.725,0.006113595616067835
1.726,0.6899759150105991
1.727,0.841367141176478
1.728,-0.2257713511918602
1.729,-0.29429357838542947
1.73,-0.1363099235730414
1.731,-0.6316096027095917
1.732,-0.9806334976374504
1.733,0.20262834620419956
1.734,0.985890684585637
1.735,-0.061765208104084035
1.736,-0.18538999695656488
1.737,0.20904457041654578
1.738,0.06576117789595393
1.739,-0.645321887896128
1.74,0.37256270409820735
1.741,0.7408558000742298
1.742,-0.663819770770502
1.743,0.6057363557652533
1.744,0.7376655022058314
1.745,0.16925693926932617
1.746,0.8467693891471746
1.747,0.8483875241358783
1.748,0.044785879648353344
1.749,-0.3129418004752995
1.75,0.1992728420565133
1.7510000000000001,-0.29810929947400555
1.752,0.5224448484425719
1.7530000000000001,-0.20451526553741872
1.754,0.0974801058198016
1.7550000000000001,0.9299004832726125
1.756,-0.4938904901599208
1.7570000000000001,0.16175590458128242
1.758,0.3786057474899036
1.7590000000000001,0.47297775553455
1.76,-0.773155035762541
1.7610000000000001,0.29669007895138
1.762,-0.22191583634168754
1.7630000000000001,-0.04879067597935105
1.764,-0.7619332494608229
1.7650000000000001,0.03917376070132961
1.766,-0.9620778456829493
1.7670000000000001,-0.7121940355219587
1.768,-0.630900187284362
1.7690000000000001,-0.28238473582259194
1.77,0.5818177547643739
1.7710000000000001,-0.7456732293869739
1.772,0.6811836889117546
1.7730000000000001,-0.961876142195939
1.774,-0.25952586361977903
1.7750000000000001,-0.0846488351683019
1.776,-0.21989401866071678
1.7770000000000001,-0.11785439809018539
1.778,-0.464609697739198
1.7790000000000001,0.3089864185168334
1.78,0.567440542279771
1.7810000000000001,-0.5802635050198677
1.782,0.698238694843176
1.7830000000000001,0.18658302973232632
1.784,0.6828093599574059
1.7850000000000001,-0.7639094114355611
1.786,0.7838635981423674
1.7870000000000001,0.3582466042737851
1.788,0.2846225484836471
1.7890000000000001,-0.8138417852146063
1.79,-0.39829554480138696
1.7910000000000001,0.04802101652447144
1.792,0.5734615709105406
1.793,0.6100827439600909
1.794,-0.19279357483606407
1.795,-0.30749255231131967
1.796,-0.6671889093997814
1.797,-0.2130881323415843
1.798,0.7986578989307009
1.799,0.6227143177855619
1.8,0.45232612071848566
1.801,-0.6396582328157909
1.802,0.24680828705306568
1.803,0.04878873411565032
1.804,0.8055059066672481
1.805,0.10376227516930414
1.806,-0.21955491932691285
1.807,-0.6542653508160845
1.808,0.20466152348175615
1.809,-0.5887745089802066
1.81,0.4294521567778169
1.811,-0.060509843734676716
1.812,0.4092792434498078
1.813,0.6927974241742387
1.814,-0.7490523860056999
1.815,0.5777711979226323
1.816,0.8407792715235538
1.817,0.9526204760365273
1.818,-0.01975273425852242
1.819,0.20018304593368486
1.82,-0.6524605858280854
1.821,0.9783152374827104
1.822,0.032308637366072146
1.823,-0.2199759411921267
1.824,0.7763811466651893
1.825,-0.5104493951762343
1.826,-0.2080646325848221
1.827,-0.4411832705762815
1.828,-0.6210382532763115
1.829,-0.4818366428706393
1.83,-0.6639447047533342
1.831,0.43934816444321423
1.832,-0.5080943505283773
1.833,-0.6877735902886801
1.834,-0.9032014760597156
1.835,0.8129316676708502
1.836,0.17222807128560702
1.837,0.9858393191466244
1.838,-0.5625470528215635
1.839,-0.025197799950504862
1.84,-0.41369931711637364
1.841,0.7376431658551936
1.842,0.35648632837366634
1.843,0.6886028545712126
1.844,0.08797217448793071
1.845,-0.09505060144602928
1.846,-0.20063222900492228
1.847,-0.17912482846186228
1.848,-0.7932889317638296
1.849,0.2530062665483328
1.85,0.059177804583228744
1.851,-0.2777130902898577
1.852,-0.4548664998859313
1.853,0.14333822754975767
1.854,-0.9230983982904986
1.855,0.3617531562813052
1.856,-0.6563760334442714
1.857,0.3199786821450079
1.858,-0.8500380286488927
1.859,0.34001796969632214
1.86,-0.818154717795397
1.861,-0.4138399821510097
1.862,-0.032781167294337665
1.863,-0.4483723320249289
1.864,-0.7665098761519455
1.865,-0.2245071659415805
1.866,-0.306418986305417
1.867,0.17317188595242494
1.868,-0.5452847819715771
1.869,0.9757107551692268
1.87,-0.7605174132332311
1.871,-0.5535383514259993
1.872,-0.9125254056722649
1.873,0.9804471418350289
1.874,0.6537625550087984
1.875,0.43660990053879
1.8760000000000001,0.638430770444832
1.877,-0.026536403300717604
1.8780000000000001,0.8242037893483323
1.879,0.9509664172159122
1.8800000000000001,0.44404922349564746
1.881,-0.12899289399779268
1.8820000000000001,-0.33296786411219004
1.883,0.3720819024028599
1.8840000000000001,0.4097254731815394
1.885,-0.20837075149010498
1.8860000000000001,0.09616178036905376
1.887,0.8924244714944822
1.8880000000000001,0.7300567976627159
1.889,-0.08192439878652391
1.8900000000000001,0.79250312604904
1.891,-0.05938485685910999
1.8920000000000001,0.7262801890271908
1.893,-0.58285465937681
1.8940000000000001,0.30168648595273106
1.895,0.200219868977634
1.8960000000000001,-0.6680073242464597
1.897,0.36194790270242594
1.8980000000000001,-0.527103822560085
1.899,-0.4063363621052911
1.9000000000000001,-0.005383213886777982
1.901,-0.6041722833645955
1.9020000000000001,0.4653152582623199
1.903,0.6299406088164388
1.9040000000000001,0.5940490572815558
1.905,-0.16094986336341832
1.9060000000000001,-0.900707161513354
1.907,-0.7863261111232354
1.9080000000000001,0.9855506179373943
1.909,0.4157205631272032
1.9100000000000001,-0.6085731046031968
1.911,-0.41968807536466635
1.9120000000000001,-0.6413703715930592
1.913,-0.25190662574332556
1.9140000000000001,0.2986415161237763
1.915,0.8355887175285257
1.9160000000000001,0.7068493797265145
1.917,0.3795385061796144
1.9180000000000001,0.0927132923761802
1.919,0.7291670152100942
1.92,-0.031788476577467195
1.921,-0.8230217770329578
1.922,0.48820283389415753
1.923,-0.48575431411397285
1.924,-0.6319782761819868
1.925,-0.6847709045909742
1.926,0.34534437088634173
1.927,0.7854857180246462
1.928,0.38276562933851266
1.929,-0.32133521446963687
1.93,-0.5712724059810372
1.931,-0.6724320334765048
1.932,-0.12811668405786247
1.933,0.3369588870328837
1.934,-0.08106153238252989
1.935,0.3705013839513298
1.936,0.5700675164645037
1.937,0.25793545841425836
1.938,0.08827960950819325
1.939,-0.8351186039411411
1.94,-0.9286867218199606
1.941,0.0630157171575243
1.942,0.9115096238658256
1.943,-0.21496975742994007
1.944,-0.5162028759679618
1.945,0.39411969042971395
1.946,-0.034939396166676406
1.947,0.2190591231874086
1.948,-0.3082276627041023
1.949,0.20549659453318436
1.95,-0.5417397111804654
1.951,0.10698976518259462
1.952,0.2439051304868456
1.953,-0.26087695413667755
1.954,-0.7035265413127443
1.955,-0.8018868481114547
1.956,0.35090701348078435
1.957,0.11145900427069999
1.958,-0.5939289761707216
1.959,0.9344939499367722
1.96,0.47013234399138915
1.961,0.2752035728480642
1.962,-0.06634534016560867
1.963,-0.2250032611637418
1.964,0.9509963749895158
1.965,-0.7687362172819205
1.966,-0.7382714959859522
1.967,-0.030845777536780306
1.968,0.7426812150756434
1.969,-0.8598269447273919
1.97,-0.05559578153914657
1.971,0.09639229020444962
1.972,0.1079176442883305
1.973,-0.8595265954969524
1.974,-0.7700612345319913
1.975,0.9839108996950576
1.976,-0.323880250174696
1.977,0.25156666024573093
1.978,-0.6018802276679627
1.979,-0.2621252004814836
1.98,0.3518527132613374
1.981,-0.05709532237832482
1.982,-0.21417311852921395
1.983,-0.7976517412393715
1.984,0.2697940681926452
1.985,0.11670388149992261
1.986,0.8788037022385351
1.987,0.14689774519171794
1.988,0.40294174054562193
1.989,0.788692103681059
1.99,0.08905898201458107
1.991,-0.8374522941235747
1.992,0.15742916568849274
1.993,-0.8328139004953428
1.994,0.7225790758768214
1.995,-0.6562979384393772
1.996,0.9862263485977543
1.997,0.021930910793633407
1.998,0.6541376395802772
1.999,-0.6414748008878774
